Student Name,Student ID,Week1,Week2,Week3,Week4,Week5,Week6,Week7,Week8,Week9,Week10
Eva Doe,S1000,1,0,0,1,1,0,1,0,0,1
Mike Doe,S1001,1,0,1,1,0,1,1,1,0,0
Sara Johnson,S1002,1,1,1,1,1,1,0,0,1,1
Sam White,S1003,0,1,0,1,0,0,1,0,1,1
Mike Brown,S1004,0,1,0,0,0,0,0,1,1,0
Mike Johnson,S1005,0,1,1,1,0,0,1,0,0,1
Tom Anderson,S1006,1,1,1,0,0,0,0,0,1,1
Tom Lee,S1007,0,0,1,0,1,0,1,1,0,1
John Lee,S1008,1,1,1,1,0,1,0,0,0,0
Mike Anderson,S1009,1,0,0,1,0,1,1,1,1,0
Tom Smith,S1010,0,1,1,0,1,0,1,1,0,0
Tom Johnson,S1011,1,0,1,0,1,0,1,0,0,1
Jim Brown,S1012,0,0,1,0,0,0,1,1,1,0
Sara Doe,S1013,0,0,1,1,0,0,0,0,1,0
Anna Jackson,S1014,0,0,1,0,1,0,0,0,0,1
Eva Brown,S1015,1,1,0,1,0,1,1,1,1,0
Mike Taylor,S1016,1,1,1,0,0,1,1,0,1,1
Eva White,S1017,0,1,0,0,1,0,0,1,0,0
Jane Doe,S1018,1,1,0,1,1,0,0,1,1,0
Lucy Smith,S1019,0,0,1,1,1,0,1,0,1,1
John Brown,S1020,0,0,1,1,1,0,1,0,0,1
Jane Doe,S1021,0,1,1,0,0,1,0,0,0,0
Anna Doe,S1022,1,1,0,0,1,1,0,1,0,1
Mike Taylor,S1023,1,1,1,1,0,1,0,1,1,1
Sam Thomas,S1024,1,1,1,0,1,0,0,0,1,1
John Lee,S1025,1,1,0,1,1,1,1,1,1,0
Tom Johnson,S1026,1,0,1,0,1,1,0,0,0,1
Lucy White,S1027,0,1,1,0,0,1,1,0,0,0
Sara Doe,S1028,1,1,0,0,0,0,0,0,1,0
Lucy Smith,S1029,0,1,1,0,0,0,0,1,0,0
Sam Lee,S1030,0,0,0,1,1,1,0,1,1,0
Jim Thomas,S1031,0,1,1,0,1,1,0,0,1,1
John Brown,S1032,0,1,1,0,1,0,1,0,0,1
Sam Thomas,S1033,0,0,0,1,0,1,1,1,0,1
Jane Lee,S1034,1,0,1,0,0,0,0,1,1,0
Eva Thomas,S1035,0,0,1,1,0,1,1,1,0,1
Anna Lee,S1036,1,1,0,1,0,1,1,0,1,1
Jane Doe,S1037,0,0,0,0,1,1,0,0,1,1
John Johnson,S1038,1,0,1,1,1,0,0,1,1,0
Lucy Lee,S1039,0,1,1,1,1,1,0,0,0,1
Sara Johnson,S1040,0,0,1,0,0,1,0,0,0,1
Tom Lee,S1041,0,0,0,1,1,1,1,1,0,1
Lucy White,S1042,0,1,0,0,0,1,0,1,1,1
Jim Jackson,S1043,1,0,1,0,1,0,0,1,1,0
Jane Doe,S1044,1,1,1,0,0,1,0,1,0,1
Tom Jackson,S1045,0,1,0,1,1,0,0,1,0,1
Tom Taylor,S1046,1,0,0,0,0,1,1,0,1,1
Tom Johnson,S1047,1,1,0,1,0,0,1,1,1,0
Jim Johnson,S1048,0,0,1,0,0,0,0,0,0,0
Sara Johnson,S1049,1,1,1,0,1,1,1,0,0,0
John Jackson,S1050,1,1,1,0,1,0,0,1,0,1
John White,S1051,1,1,0,0,1,1,0,0,0,1
Sara Taylor,S1052,1,0,0,1,1,1,1,1,1,0
Lucy Johnson,S1053,0,0,0,1,1,0,1,0,1,1
Jane Jackson,S1054,0,0,1,1,1,1,0,1,0,0
Tom Anderson,S1055,0,0,0,1,0,1,1,0,0,1
Lucy Taylor,S1056,0,0,1,0,0,0,0,1,1,0
John Anderson,S1057,0,0,0,0,1,0,0,1,0,1
Anna Brown,S1058,1,0,0,0,1,0,1,0,0,0
Jim Smith,S1059,1,0,0,0,1,1,1,1,0,0
Tom Johnson,S1060,0,0,1,0,1,0,0,0,0,1
Eva Johnson,S1061,1,1,1,0,0,0,1,0,0,1
Lucy Lee,S1062,0,0,0,0,1,1,1,0,0,0
Eva Johnson,S1063,1,0,0,1,1,1,1,1,0,0
Jane Thomas,S1064,1,1,1,0,1,1,1,0,0,1
Sara Taylor,S1065,0,1,0,0,1,0,0,1,1,1
Jim Brown,S1066,0,1,1,0,1,1,1,1,1,0
Lucy Doe,S1067,1,1,0,0,0,0,1,0,1,0
Eva Taylor,S1068,0,1,1,0,0,1,0,1,1,0
Eva Thomas,S1069,0,1,1,1,1,1,0,1,0,1
Anna Jackson,S1070,0,0,1,1,0,0,1,0,1,1
Sam Lee,S1071,1,0,1,0,0,0,1,0,0,0
Sam Brown,S1072,1,0,0,0,0,1,1,0,0,1
Tom Johnson,S1073,0,1,1,0,1,1,0,0,1,0
Jane White,S1074,0,1,0,0,1,0,1,1,1,1
Anna Smith,S1075,1,1,1,0,1,1,0,1,0,0
Jane Jackson,S1076,1,0,1,0,1,1,1,1,1,1
Sara Anderson,S1077,0,1,1,0,1,1,0,1,1,0
Sam Lee,S1078,0,0,0,1,0,1,0,1,1,1
Anna Smith,S1079,1,0,1,0,0,1,1,1,0,0
Lucy Johnson,S1080,0,1,1,0,1,0,1,1,1,1
Sara Anderson,S1081,0,0,0,0,0,0,0,1,1,1
Eva Smith,S1082,0,0,0,0,0,0,1,0,1,1
Sara Jackson,S1083,1,1,1,1,1,0,1,0,0,1
Anna Lee,S1084,1,0,0,0,1,1,0,0,0,0
John Smith,S1085,0,0,0,0,1,1,0,0,1,1
Eva Smith,S1086,1,0,0,1,1,1,1,0,0,1
Sara Thomas,S1087,0,1,1,0,1,1,0,0,0,1
Mike Thomas,S1088,1,0,0,0,0,1,1,1,1,0
Eva Doe,S1089,0,0,1,1,1,1,1,1,0,1
Eva Thomas,S1090,1,0,1,0,1,0,0,1,0,0
Mike Lee,S1091,0,1,1,1,0,0,0,1,0,0
John Lee,S1092,0,1,0,0,1,1,0,0,1,0
Lucy Anderson,S1093,0,1,0,0,1,0,0,1,0,0
Sara Doe,S1094,1,1,0,1,0,1,1,0,1,1
Jim Anderson,S1095,1,1,0,0,1,1,1,0,1,1
Tom Taylor,S1096,0,0,0,1,1,1,0,0,1,1
Anna Smith,S1097,1,1,1,1,0,1,0,0,1,1
Mike Thomas,S1098,1,1,0,1,1,0,1,0,0,0
Sam White,S1099,1,0,0,1,1,1,1,0,0,1
Anna Lee,S1100,0,0,0,0,0,0,1,0,1,0
Anna Anderson,S1101,1,1,1,1,1,0,0,1,1,0
Jim Brown,S1102,1,0,1,0,1,0,1,1,1,0
Eva Jackson,S1103,1,0,0,1,1,1,0,1,1,0
John Taylor,S1104,1,0,0,0,1,0,1,1,0,1
Tom Lee,S1105,1,0,1,0,0,0,1,0,0,0
Mike Doe,S1106,1,0,1,1,0,0,0,1,0,1
Tom Doe,S1107,0,0,0,1,1,0,0,0,0,0
Anna Lee,S1108,1,0,1,0,0,0,1,0,1,1
Sam Johnson,S1109,0,0,1,1,1,1,0,1,0,0
Jim Brown,S1110,0,0,0,1,1,1,0,1,0,1
Sam Johnson,S1111,1,1,1,0,0,1,1,0,0,1
John Lee,S1112,1,0,0,0,0,1,1,1,0,0
Eva Brown,S1113,0,1,1,0,1,1,1,0,1,0
Mike Doe,S1114,1,0,0,0,1,0,1,1,1,0
Jim Doe,S1115,0,1,1,0,1,1,1,0,1,1
Jane Anderson,S1116,1,0,0,1,1,1,0,0,0,1
Jane Anderson,S1117,1,0,1,1,1,0,0,1,0,1
Mike Johnson,S1118,0,1,0,1,0,1,0,0,0,1
Sara Doe,S1119,1,0,1,1,1,0,0,0,1,1
Sam Smith,S1120,0,1,1,1,1,0,1,0,0,0
John Johnson,S1121,1,1,1,0,1,1,1,0,0,0
John Doe,S1122,0,1,0,0,0,1,1,0,0,0
Tom Johnson,S1123,1,1,1,1,0,1,1,0,1,1
Jim Johnson,S1124,0,1,1,0,0,1,1,1,0,1
Jim Lee,S1125,0,1,1,0,1,0,0,0,1,1
Tom Johnson,S1126,0,1,0,0,1,1,1,1,0,1
Tom Doe,S1127,1,1,1,1,1,0,1,0,0,1
Eva White,S1128,0,1,1,1,1,1,1,1,1,0
Anna Johnson,S1129,0,0,1,1,1,1,0,0,0,1
Anna Anderson,S1130,1,1,0,0,1,1,0,0,0,0
Tom Jackson,S1131,0,0,1,0,1,1,1,1,0,1
John Lee,S1132,0,1,0,1,0,1,1,1,0,1
Mike Lee,S1133,1,1,0,0,1,1,1,0,0,0
Mike Lee,S1134,0,1,0,0,1,0,0,0,0,1
Lucy Thomas,S1135,1,0,1,0,0,1,1,1,0,1
Jim White,S1136,0,1,1,1,0,0,0,0,1,0
Jim Thomas,S1137,1,0,1,1,0,1,1,1,1,0
Lucy Thomas,S1138,0,0,1,1,0,0,1,1,0,0
Eva Anderson,S1139,1,0,0,1,0,1,1,0,1,0
Sam Johnson,S1140,1,1,0,1,1,1,1,1,0,0
Lucy White,S1141,0,0,0,0,0,1,0,0,0,0
Eva Lee,S1142,1,1,1,0,0,1,0,0,0,1
Sara Lee,S1143,1,1,0,1,1,1,1,0,0,0
Lucy White,S1144,0,0,0,1,1,1,1,1,1,0
Jane Jackson,S1145,1,0,1,1,0,0,0,1,1,1
Jim Lee,S1146,1,0,1,1,0,1,1,1,1,0
Jane Brown,S1147,1,0,1,0,0,1,1,0,1,0
Sara Doe,S1148,0,0,1,0,0,0,0,1,1,1
Lucy Brown,S1149,0,0,1,1,0,0,1,0,0,1
Jane White,S1150,1,0,0,1,1,0,0,0,0,0
Mike Thomas,S1151,1,0,1,0,1,0,1,0,0,0
Mike White,S1152,0,0,1,1,0,0,0,0,1,0
Sam Anderson,S1153,0,1,1,1,0,1,1,0,1,0
Anna Doe,S1154,0,0,0,1,1,1,1,1,1,1
Tom Thomas,S1155,1,1,1,0,0,0,0,1,0,0
Jim Doe,S1156,0,0,1,1,0,0,1,1,0,0
Anna Anderson,S1157,0,0,0,1,1,0,0,0,1,0
Eva Smith,S1158,1,0,0,1,0,0,1,0,0,1
Jane Doe,S1159,1,0,0,1,0,1,0,1,0,0
Lucy Smith,S1160,1,0,0,1,0,1,0,0,0,1
Lucy Doe,S1161,1,0,0,0,0,1,0,1,1,1
Anna Taylor,S1162,0,0,0,0,1,0,0,1,0,1
Sara Lee,S1163,1,0,0,1,0,0,1,1,0,1
Mike Taylor,S1164,1,0,1,0,1,0,0,0,1,0
Anna Anderson,S1165,1,0,0,0,1,0,1,1,1,0
Lucy Brown,S1166,1,0,1,1,1,1,1,1,1,1
Jim Taylor,S1167,0,1,0,1,0,0,0,1,1,1
Jim Jackson,S1168,1,1,0,0,0,1,1,1,1,1
Jane Thomas,S1169,0,1,1,0,1,0,0,1,1,0
Anna Thomas,S1170,0,0,1,1,0,0,1,1,1,0
Sam Brown,S1171,1,0,1,1,1,1,1,1,0,1
Jane Anderson,S1172,0,1,0,0,0,1,0,1,0,0
Tom Taylor,S1173,1,1,0,1,1,1,0,1,0,0
John Lee,S1174,1,1,0,0,0,1,1,0,0,0
Sam Taylor,S1175,1,0,1,1,1,0,0,1,0,1
Mike Taylor,S1176,1,1,1,1,1,1,1,0,1,0
Eva Lee,S1177,1,1,0,0,0,0,1,0,1,0
Tom Lee,S1178,1,0,0,1,1,1,0,0,1,0
Tom Thomas,S1179,0,0,0,0,1,1,1,0,1,1
Jane White,S1180,1,0,0,0,0,1,0,0,0,0
Tom Thomas,S1181,1,1,1,0,1,1,1,1,1,1
Anna Lee,S1182,0,0,1,1,1,0,0,0,1,1
Anna Thomas,S1183,1,1,1,1,1,0,1,0,1,0
Jim Johnson,S1184,1,0,0,1,1,0,0,1,1,1
Anna Smith,S1185,0,1,0,0,1,0,1,1,0,0
Eva Taylor,S1186,1,1,0,0,1,1,1,0,1,0
Tom Anderson,S1187,0,0,1,1,1,0,0,0,1,1
Lucy Doe,S1188,0,1,1,0,0,0,1,1,0,1
John Taylor,S1189,0,0,0,0,0,1,0,1,0,0
Jim Doe,S1190,1,1,1,0,0,0,1,0,1,1
Anna Anderson,S1191,1,0,0,0,0,0,0,1,0,0
Lucy Anderson,S1192,1,0,0,1,0,1,1,0,1,0
Anna Anderson,S1193,1,0,1,0,0,0,0,0,1,0
Sam Thomas,S1194,1,1,0,0,0,0,0,1,1,0
Sam Jackson,S1195,1,0,0,1,1,1,1,0,1,1
Eva Thomas,S1196,1,1,0,0,1,0,1,0,0,0
Sam Johnson,S1197,1,1,0,0,1,1,0,1,1,1
Mike Doe,S1198,1,0,0,0,1,0,0,1,0,1
Tom White,S1199,0,1,1,1,0,0,0,0,0,1
Jim Jackson,S1200,0,1,0,0,0,0,1,1,0,1
Anna Doe,S1201,1,1,0,1,0,0,0,0,1,0
Sam Brown,S1202,0,0,0,0,0,0,1,1,1,1
Eva Taylor,S1203,1,0,1,1,1,0,1,1,1,1
Jim White,S1204,0,0,1,1,0,1,1,0,1,1
Mike Jackson,S1205,0,1,1,1,0,0,1,0,1,1
Lucy Taylor,S1206,0,1,1,1,1,0,0,1,1,0
Tom Brown,S1207,1,1,0,1,0,0,0,0,1,0
Sam Doe,S1208,1,0,0,0,0,1,1,0,0,1
Eva Brown,S1209,0,1,1,0,1,0,0,0,0,1
Tom Smith,S1210,1,1,0,1,0,1,1,1,0,1
Sara Lee,S1211,0,1,0,0,1,1,1,0,0,1
John White,S1212,0,0,0,0,0,0,0,0,1,0
Eva Jackson,S1213,1,0,0,1,0,0,1,0,1,0
Eva Brown,S1214,1,1,1,0,1,0,0,1,0,0
Lucy Doe,S1215,0,0,1,1,0,1,0,1,1,0
Sara Thomas,S1216,1,0,1,0,1,0,0,1,0,1
Mike Thomas,S1217,0,0,1,0,1,1,1,1,1,1
Tom Johnson,S1218,1,1,1,1,0,0,1,1,0,0
Mike Thomas,S1219,1,1,1,0,1,0,0,0,0,1
Mike Lee,S1220,1,0,0,0,1,1,1,1,0,1
Sam Thomas,S1221,0,1,0,0,1,1,0,0,1,0
Anna White,S1222,0,0,0,1,1,0,1,0,0,0
Jane Lee,S1223,0,1,0,0,0,1,0,0,1,0
John Anderson,S1224,0,0,1,0,0,0,0,0,1,1
Anna Brown,S1225,1,0,0,0,0,0,0,0,1,1
Tom Brown,S1226,1,0,1,1,1,0,1,1,0,0
Sara Anderson,S1227,0,1,0,0,0,0,1,0,0,0
Tom White,S1228,1,0,1,1,1,0,0,1,1,0
Sara Johnson,S1229,0,0,0,1,0,1,0,0,0,0
Anna Johnson,S1230,0,1,0,1,1,1,0,0,1,1
John Brown,S1231,1,1,1,1,0,1,0,1,1,1
Mike Doe,S1232,1,1,1,0,0,0,1,0,1,1
Lucy Brown,S1233,1,1,1,0,0,0,1,0,0,0
Anna Jackson,S1234,0,0,0,0,0,1,0,1,0,0
Mike Anderson,S1235,1,1,0,0,1,0,1,1,1,1
Jane Doe,S1236,0,1,0,1,1,1,0,1,0,1
Eva Anderson,S1237,0,0,0,0,0,1,0,0,1,1
Jane Taylor,S1238,1,0,0,0,1,1,1,0,1,1
Jane Johnson,S1239,0,0,0,0,0,1,0,0,1,0
Eva Thomas,S1240,1,0,0,0,0,0,1,1,0,1
Jim White,S1241,0,0,0,0,1,1,1,0,0,0
Sam Taylor,S1242,1,1,0,1,0,1,0,0,0,1
Jim Anderson,S1243,0,0,1,0,0,1,1,0,1,1
Mike White,S1244,1,1,1,0,1,0,0,0,1,0
Anna Taylor,S1245,1,1,1,0,0,1,1,0,0,0
Mike Brown,S1246,0,1,1,0,1,0,1,0,1,1
Jim Doe,S1247,1,0,0,0,1,1,0,1,0,1
Jane Doe,S1248,1,1,1,1,1,1,1,1,1,1
Anna Anderson,S1249,1,0,1,0,1,1,0,0,1,1
Tom Brown,S1250,0,1,0,1,0,1,1,0,1,0
Tom Anderson,S1251,0,1,1,1,1,0,1,0,1,0
Mike Lee,S1252,0,0,0,0,0,1,1,0,1,0
Mike Johnson,S1253,0,1,0,1,0,0,1,1,0,1
Sam Jackson,S1254,0,0,1,1,0,1,1,0,1,0
Sara Jackson,S1255,1,1,1,1,0,0,1,0,0,0
Lucy Anderson,S1256,0,0,1,1,0,1,0,1,1,0
Lucy Doe,S1257,0,1,0,1,1,1,0,1,1,1
Jim Smith,S1258,1,1,0,0,1,1,0,1,1,0
Sara Lee,S1259,0,0,1,0,0,0,1,0,0,0
Sam Johnson,S1260,0,1,1,1,1,1,0,1,0,1
Mike Lee,S1261,0,1,1,0,1,1,1,0,1,1
Jim Thomas,S1262,1,0,0,1,1,1,1,0,1,0
Jim Taylor,S1263,0,0,1,1,1,1,0,0,0,0
Lucy Taylor,S1264,1,0,1,0,0,1,1,0,1,0
Eva Anderson,S1265,0,0,1,1,1,0,0,0,1,0
Anna Anderson,S1266,0,0,1,1,0,0,1,1,0,1
John Taylor,S1267,1,1,0,1,0,1,1,1,1,1
Jim Johnson,S1268,0,1,1,1,0,1,1,0,1,1
Sam Thomas,S1269,1,0,1,0,1,0,0,0,0,0
Jim Smith,S1270,0,0,0,1,0,0,1,0,0,0
John Brown,S1271,1,0,1,1,1,1,0,1,0,0
Eva White,S1272,0,0,0,0,1,1,0,0,1,1
Sara White,S1273,1,0,0,0,0,1,1,0,0,0
Eva White,S1274,0,1,1,1,0,1,0,1,1,1
Anna Brown,S1275,0,0,0,1,1,1,0,1,0,1
Anna Brown,S1276,0,1,1,1,0,1,1,1,0,0
Jim Doe,S1277,1,1,1,0,1,1,0,0,1,1
Eva Taylor,S1278,0,0,0,1,0,0,0,0,0,0
Mike Brown,S1279,0,0,0,0,1,0,1,0,1,0
Eva Johnson,S1280,0,1,1,0,1,1,1,0,0,0
Mike Smith,S1281,1,1,0,0,1,1,0,1,1,1
Jane Smith,S1282,1,1,1,1,0,0,1,1,1,1
Anna Jackson,S1283,0,0,0,0,1,1,1,0,1,1
Anna Thomas,S1284,0,1,0,0,0,0,1,0,0,0
Lucy White,S1285,1,1,1,1,0,0,1,1,0,0
Anna Smith,S1286,0,1,0,0,1,0,0,1,0,0
Mike White,S1287,1,0,1,1,1,1,1,1,1,1
Sara Brown,S1288,1,0,0,0,0,1,0,0,1,0
Eva White,S1289,0,0,1,0,0,0,0,1,1,0
Anna Doe,S1290,1,0,0,1,1,1,1,1,0,1
Tom Thomas,S1291,1,0,0,0,1,1,1,0,0,1
Eva Johnson,S1292,1,1,1,1,0,1,0,1,0,1
Anna Smith,S1293,1,1,0,0,1,0,0,0,0,0
Sam Johnson,S1294,0,1,1,1,0,1,0,1,1,1
Jane Anderson,S1295,0,1,1,0,1,1,1,0,1,0
Sam Doe,S1296,0,1,1,1,0,1,1,0,0,0
Sam Thomas,S1297,1,0,0,0,0,1,0,0,0,1
Eva Brown,S1298,0,1,1,1,1,0,0,1,1,1
Sam Johnson,S1299,0,1,1,1,1,0,1,1,1,0
Sara Smith,S1300,0,1,0,0,0,0,0,1,0,0
Jane Jackson,S1301,1,0,1,1,0,0,0,0,1,1
Mike White,S1302,0,1,1,1,0,0,1,0,0,1
Lucy Jackson,S1303,1,1,1,1,0,0,1,1,1,0
Jim White,S1304,0,1,0,0,1,0,0,0,0,0
Tom Johnson,S1305,0,1,0,0,1,1,1,1,0,1
Jim Thomas,S1306,1,1,0,0,1,1,0,1,1,1
Sara Lee,S1307,0,1,0,0,0,0,0,0,0,0
Eva Jackson,S1308,0,0,1,0,0,1,1,1,1,1
Sara Brown,S1309,0,1,1,1,0,0,1,1,1,1
John Brown,S1310,0,0,0,0,1,1,0,0,0,0
John Thomas,S1311,1,0,1,1,0,1,0,0,0,1
Sara Smith,S1312,1,1,0,0,0,1,0,0,0,0
Sam Lee,S1313,1,0,0,0,0,0,0,1,0,0
Jane White,S1314,1,0,0,1,0,0,1,0,0,0
Sam Thomas,S1315,0,1,0,0,1,0,0,0,0,1
Anna Jackson,S1316,1,1,0,1,1,1,1,0,0,1
Sam Taylor,S1317,0,0,1,1,0,0,0,1,0,0
John Johnson,S1318,0,0,0,1,1,0,0,1,0,1
Jane Lee,S1319,1,0,0,0,1,0,0,0,1,1
Lucy Anderson,S1320,0,1,1,0,1,1,1,1,0,1
Jane White,S1321,1,0,1,0,0,0,1,0,1,1
John Anderson,S1322,0,1,1,0,0,1,1,0,1,1
John Jackson,S1323,1,0,0,0,1,1,0,0,1,0
John Anderson,S1324,0,1,0,0,1,1,0,1,1,1
Sara Smith,S1325,1,1,1,0,1,0,1,1,0,0
Tom Taylor,S1326,1,1,1,0,1,1,1,0,1,1
Sara Thomas,S1327,1,0,1,1,1,0,0,1,0,1
Jim Lee,S1328,1,1,1,0,0,1,0,0,1,1
Mike White,S1329,1,0,0,1,1,1,0,0,0,0
Lucy Taylor,S1330,1,1,0,1,1,1,0,1,0,1
Mike Thomas,S1331,0,0,0,0,1,1,0,1,1,1
Lucy Johnson,S1332,0,1,0,0,1,0,0,1,0,1
Mike Brown,S1333,1,1,1,0,1,0,0,1,0,1
Tom Jackson,S1334,0,1,0,1,1,0,0,1,1,0
Sara Taylor,S1335,1,1,0,0,1,0,0,0,1,0
Lucy Anderson,S1336,0,0,0,1,1,1,0,1,1,1
Tom Johnson,S1337,0,1,0,0,1,1,0,1,1,0
Sam Taylor,S1338,0,1,1,0,1,1,1,0,1,0
Anna White,S1339,0,1,0,1,0,0,0,1,1,0
Jim Taylor,S1340,1,0,1,0,0,1,1,1,0,1
Eva Johnson,S1341,1,1,1,1,1,1,1,0,1,0
Eva Jackson,S1342,0,1,0,0,0,1,1,0,0,1
Sara Jackson,S1343,1,1,0,1,0,1,1,1,0,1
Anna Jackson,S1344,0,0,1,0,1,0,1,0,0,0
Sara Lee,S1345,1,1,0,0,1,0,1,0,0,1
Jane Johnson,S1346,0,1,1,0,0,1,0,1,1,1
Jane Lee,S1347,0,0,0,1,0,0,0,1,0,1
Mike Doe,S1348,1,1,0,0,0,0,0,0,0,0
Jim Lee,S1349,1,0,1,1,1,0,1,0,0,1
John Doe,S1350,1,0,1,1,1,1,1,0,0,0
John Anderson,S1351,0,0,0,1,1,1,0,1,1,1
Sara Jackson,S1352,0,0,0,1,0,1,1,1,1,0
Anna White,S1353,0,0,1,1,1,0,1,1,1,1
John Lee,S1354,1,1,1,1,1,0,0,1,0,0
John Smith,S1355,0,1,1,1,1,0,0,1,0,1
Jane Lee,S1356,0,0,0,0,0,0,0,1,0,0
Sam Brown,S1357,1,0,0,0,1,1,1,0,1,0
Lucy Doe,S1358,0,0,1,1,1,1,0,0,1,1
Tom Brown,S1359,0,0,0,1,1,1,1,1,0,0
Jane Jackson,S1360,1,0,1,1,0,1,0,1,1,0
Lucy Johnson,S1361,1,0,0,1,1,0,0,1,0,1
Sara Thomas,S1362,1,1,0,0,1,1,0,0,0,1
Jim White,S1363,0,0,0,1,0,0,0,0,1,1
Sam Johnson,S1364,1,0,0,1,0,1,1,1,0,1
Lucy Jackson,S1365,1,0,1,1,0,0,1,1,1,0
Mike Thomas,S1366,1,1,1,0,0,1,0,1,1,1
Sara Johnson,S1367,0,0,0,0,1,1,1,1,0,0
Mike White,S1368,1,0,1,0,1,0,1,1,1,0
Mike White,S1369,0,1,0,1,1,1,1,0,1,0
Eva Johnson,S1370,0,0,0,1,1,1,0,0,1,0
Jim White,S1371,0,1,1,1,0,0,1,1,0,0
Mike Smith,S1372,0,0,1,0,1,0,0,1,0,1
Jane Jackson,S1373,0,1,0,0,0,0,1,0,1,0
Tom Doe,S1374,0,0,0,0,0,1,1,0,0,1
Anna Taylor,S1375,1,1,1,0,0,1,0,1,1,0
Lucy Anderson,S1376,1,1,1,1,1,1,0,1,0,0
Jim Doe,S1377,0,0,1,1,0,1,1,1,1,0
John Jackson,S1378,1,1,0,0,0,1,1,0,1,1
Sam Anderson,S1379,1,1,0,1,1,0,0,0,1,1
John Doe,S1380,1,1,1,0,1,0,1,1,1,0
Jane Anderson,S1381,0,0,0,0,1,1,1,0,1,1
Jim Smith,S1382,1,1,0,0,0,1,1,0,1,0
Sara Brown,S1383,1,0,0,0,1,0,1,1,1,1
John Anderson,S1384,0,1,0,1,0,1,1,0,1,1
Tom Smith,S1385,1,0,0,1,0,1,1,1,0,0
Tom Jackson,S1386,0,1,1,0,0,1,0,1,0,0
Sara Brown,S1387,0,0,0,1,1,1,1,1,0,0
Mike Taylor,S1388,0,0,0,1,1,0,0,1,0,1
Sam Lee,S1389,1,1,1,1,1,0,1,0,1,1
Eva Brown,S1390,1,1,0,1,1,1,0,0,0,1
Jane White,S1391,1,0,0,1,1,1,1,0,0,0
Jim Brown,S1392,1,0,0,1,0,1,1,1,0,1
Sara Lee,S1393,0,0,1,1,1,0,0,0,1,0
John Thomas,S1394,0,0,0,1,1,1,0,1,1,0
Jim White,S1395,1,1,1,1,0,1,0,1,0,1
Anna Lee,S1396,0,0,0,1,1,1,1,0,0,1
Sara Johnson,S1397,0,1,1,1,0,1,1,0,1,1
Anna White,S1398,1,0,0,0,0,0,0,0,0,1
Tom Thomas,S1399,1,0,0,1,1,1,0,1,1,1
Mike Doe,S1400,0,0,1,0,0,0,1,1,0,1
Lucy White,S1401,0,0,0,1,1,1,0,0,1,0
Lucy White,S1402,0,1,1,1,1,1,0,0,0,1
Anna Johnson,S1403,0,0,0,0,0,0,1,0,1,1
Sara Anderson,S1404,1,1,0,0,1,1,0,1,0,0
Sara Anderson,S1405,1,0,1,0,0,0,0,1,0,0
Anna Taylor,S1406,1,0,1,0,1,0,1,0,0,0
Eva Doe,S1407,1,0,1,1,1,0,1,0,0,0
Tom Lee,S1408,0,1,1,0,0,1,0,1,1,0
Lucy Smith,S1409,0,0,0,0,0,0,1,1,0,1
Anna Brown,S1410,0,1,1,1,0,1,1,1,1,1
Anna White,S1411,1,1,0,0,0,1,1,0,0,1
Anna Taylor,S1412,0,1,0,1,1,1,0,0,1,0
John Johnson,S1413,0,0,1,0,1,0,1,1,1,0
Anna White,S1414,0,1,1,0,1,0,1,0,1,1
Jane Lee,S1415,0,0,0,1,0,1,1,1,1,0
Mike Johnson,S1416,1,0,0,1,0,0,1,0,0,1
Mike White,S1417,1,1,0,1,1,0,1,0,0,1
Lucy Lee,S1418,0,0,1,1,0,1,0,0,0,1
Jim White,S1419,0,1,1,1,0,1,0,1,0,1
Anna White,S1420,0,0,1,1,0,0,0,1,0,0
Jane Thomas,S1421,1,0,0,0,0,1,1,1,0,0
Eva Thomas,S1422,0,1,0,1,0,0,1,0,1,0
Eva Johnson,S1423,1,0,0,0,1,1,1,0,0,1
Sam Taylor,S1424,1,1,0,1,1,1,1,1,0,1
Mike Taylor,S1425,0,0,0,0,0,0,0,0,1,1
Eva Jackson,S1426,1,0,0,0,0,1,0,0,0,0
Jim Smith,S1427,1,0,1,1,0,1,1,1,0,1
Sam Jackson,S1428,1,0,1,0,0,0,0,0,0,0
John Brown,S1429,0,0,1,0,1,1,1,1,1,0
Jane Brown,S1430,1,0,0,0,1,0,0,0,0,0
Jane Smith,S1431,1,0,1,0,0,0,0,0,0,0
Lucy Smith,S1432,0,0,0,0,1,0,1,1,0,1
Tom Jackson,S1433,0,1,0,0,0,0,0,0,1,0
Jane Johnson,S1434,0,0,0,0,1,0,0,0,0,1
Anna Thomas,S1435,1,1,1,0,1,0,1,0,0,0
Lucy Brown,S1436,0,0,1,0,0,0,1,0,1,0
Mike Lee,S1437,0,0,0,0,1,0,0,0,1,0
Jane Doe,S1438,1,1,0,1,1,0,0,1,1,0
Jane Anderson,S1439,1,1,1,0,0,0,1,1,0,1
Eva Brown,S1440,1,0,1,0,0,1,1,0,1,0
Jane Lee,S1441,0,0,0,1,1,0,1,0,0,1
Anna Anderson,S1442,1,1,1,0,0,0,1,1,0,1
Jim Lee,S1443,0,0,1,0,1,0,1,1,0,0
Eva White,S1444,1,1,0,1,0,0,0,1,0,0
Mike Doe,S1445,1,1,0,0,1,0,0,0,0,0
Tom Lee,S1446,0,1,1,0,1,0,0,0,1,0
Lucy Johnson,S1447,0,1,1,1,0,0,1,1,1,0
Sara Lee,S1448,1,0,0,1,0,1,0,1,1,0
Tom Thomas,S1449,1,1,1,0,1,0,0,1,1,0
Jane Smith,S1450,0,0,0,1,0,0,0,0,1,0
Jane Johnson,S1451,0,1,0,1,1,1,1,1,1,0
Sara Taylor,S1452,0,1,1,0,0,1,1,0,1,0
Sara Lee,S1453,0,0,0,0,0,1,0,0,1,1
Sara Jackson,S1454,0,1,1,1,0,0,1,1,1,0
John White,S1455,0,1,0,1,1,1,1,0,0,0
Lucy White,S1456,1,0,0,0,0,1,1,0,1,0
Eva Lee,S1457,1,0,1,0,1,0,1,0,0,1
Anna Thomas,S1458,1,0,0,1,0,1,1,1,1,1
John Lee,S1459,1,1,1,1,1,1,0,1,1,1
Jim White,S1460,0,1,1,0,0,1,1,1,1,1
Mike Jackson,S1461,1,0,1,0,1,1,0,1,0,1
Tom Johnson,S1462,0,0,1,0,1,0,1,1,0,1
Eva Taylor,S1463,1,0,1,1,0,0,1,1,1,1
John Brown,S1464,0,0,0,0,0,0,1,0,0,1
Tom Thomas,S1465,0,1,1,1,0,1,0,1,0,1
John Anderson,S1466,0,0,1,1,1,0,0,0,0,1
Mike Smith,S1467,0,0,0,1,0,0,1,0,0,1
Jane Taylor,S1468,1,1,0,0,0,0,1,1,1,0
Eva Lee,S1469,0,0,1,1,0,1,1,0,1,0
Jane Jackson,S1470,1,1,0,0,0,1,0,0,1,0
Tom Brown,S1471,0,1,0,0,1,1,0,0,1,1
Jane Smith,S1472,0,0,1,0,0,0,1,0,0,0
John Jackson,S1473,1,1,1,0,0,1,1,0,1,1
Lucy Brown,S1474,1,1,1,0,1,0,1,1,0,0
Anna Lee,S1475,1,1,0,1,1,0,0,1,0,0
Lucy Johnson,S1476,1,0,0,0,1,1,1,0,1,0
Sara White,S1477,1,0,0,1,0,1,1,0,1,0
Jane White,S1478,1,1,0,0,0,1,1,0,1,0
Jane Doe,S1479,1,0,1,0,0,0,1,1,0,1
Anna Jackson,S1480,0,0,1,1,1,1,1,1,1,1
Mike Doe,S1481,0,0,1,1,0,1,1,1,0,0
Sam Johnson,S1482,0,0,0,0,1,0,1,0,0,1
Sara Taylor,S1483,1,0,1,1,1,0,1,1,0,0
Jane Taylor,S1484,1,1,0,1,0,1,1,1,1,1
Sara Anderson,S1485,0,1,1,1,0,0,1,0,1,1
Sam Jackson,S1486,1,0,1,1,1,0,1,0,0,0
Sam Johnson,S1487,0,1,0,0,1,0,1,1,1,1
Eva Thomas,S1488,0,0,0,1,1,0,1,1,1,0
Jane Anderson,S1489,1,0,1,0,1,0,1,0,0,0
Anna Thomas,S1490,1,0,0,0,1,1,0,0,1,0
Sara Johnson,S1491,0,0,1,0,1,0,1,0,1,1
Jim Smith,S1492,0,0,1,1,0,1,1,0,1,1
Mike Johnson,S1493,1,0,0,0,0,1,0,0,1,0
Lucy Taylor,S1494,1,1,1,1,0,0,1,1,0,1
Eva Johnson,S1495,0,0,1,1,1,0,0,0,0,0
Lucy Brown,S1496,0,1,0,0,1,1,0,0,0,0
Lucy Lee,S1497,0,1,0,0,0,0,0,1,1,0
Sara Anderson,S1498,1,1,0,0,0,0,1,0,0,1
Sam Johnson,S1499,0,1,1,1,0,1,0,0,0,0
